{
    "Envios": [
      {
        "id_envio": "1",
        "Tracking": "LSH 78923-01",
        "Tipo_Envio" : "Aereo",
        "Fecha": "2021-08-17",
        "Discripcion": "Lenovo Legion 5 Gaming Laptop, pantalla IPS FHD (1920 x 1080), procesador AMD Ryzen 7 4800H, 16 GB",
        "Tienda_img": "../assets/static/amazon.svg"
      },
      {
        "id_envio": "2",
        "Tracking": "LSH 78923-02",
        "Tipo_Envio" : "Aereo",
        "Fecha": "2021-08-17",
        "Discripcion": "Lenovo Legion 5 Gaming Laptop, pantalla IPS FHD (1920 x 1080), procesador AMD Ryzen 7 4800H, 16 GB",
        "Tienda_img": "../assets/static/ebay.svg"
      },
      {
        "id_envio": "3",
        "Tracking": "LSH 78923-03",
        "Tipo_Envio" : "Maritimo",
        "Fecha": "2021-08-17",
        "Discripcion": "Lenovo Legion 5 Gaming Laptop, pantalla IPS FHD (1920 x 1080), procesador AMD Ryzen 7 4800H, 16 GB",
        "Tienda_img": "../assets/static/mrw.svg"
      },
      {
        "id_envio": "4",
        "Tracking": "LSH 78923-04",
        "Tipo_Envio" : "Aereo",
        "Fecha": "2021-08-11",
        "Discripcion": "Lenovo Legion 5 Gaming Laptop, pantalla IPS FHD (1920 x 1080), procesador AMD Ryzen 7 4800H, 16 GB",
        "Tienda_img": "../assets/static/amazon.svg"
      },
      {
        "id_envio": "5",
        "Tracking": "LSH 78923-05",
        "Tipo_Envio" : "Maritimo",
        "Fecha": "2021-08-12",
        "Discripcion": "Lenovo Legion 5 Gaming Laptop, pantalla IPS FHD (1920 x 1080), procesador AMD Ryzen 7 4800H, 16 GB",
        "Tienda_img": "../assets/static/ebay.svg"
      },
      {
        "id_envio": "6",
        "Tracking": "LSH 78923-06",
        "Tipo_Envio" : "Aereo",
        "Fecha": "2021-08-10",
        "Discripcion": "Lenovo Legion 5 Gaming Laptop, pantalla IPS FHD (1920 x 1080), procesador AMD Ryzen 7 4800H, 16 GB",
        "Tienda_img": "../assets/static/mrw.svg"
      },
      {
        "id_envio": "7",
        "Tracking": "LSH 78923-07",
        "Tipo_Envio" : "Maritimo",
        "Fecha": "2021-08-01",
        "Discripcion": "Lenovo Legion 5 Gaming Laptop, pantalla IPS FHD (1920 x 1080), procesador AMD Ryzen 7 4800H, 16 GB",
        "Tienda_img": "../assets/static/amazon.svg"
      },
      {
        "id_envio": "8",
        "Tracking": "LSH 78923-08",
        "Tipo_Envio" : "Aereo",
        "Fecha": "2021-08-03",
        "Discripcion": "developer2@otp.com.co",
        "Tienda_img": "../assets/static/ebay.svg"
      }
    ]
}